JAHwu,Clave12-,Per,Nombre de tu mascota,0
Felipe,Contra2-,YUI,Ciudad preferida,0
Joqui,Contr2-,ajdw,Cantante preferido,0
felipe,Clave12-,rom,Ciudad preferida,0
wadwq,Clave12-,kweof,Nombre de tu mascota,0
2,awd,kw,Apellido de su abuela materna,0
nombre,Loa-2,wdji,Nombre de tu mascota,0
Usado,Loa-2,jofjewd,Ciudad preferida,0
Prueba,Clave12-,respuesta2,Cantante preferido,0
SAOFDk,Clave4*,esfesgr,Ciudad preferida,0
Test2,Map2-,pe,Nombre de tu mascota,0
asdw,Clave1-,kow,Apellido de su abuela materna,3
Jaime,Sino2*,Lon,Ciudad preferida,0
Jaimes,Sino2*,Lon,Ciudad preferida,0
cuiak,kI2s-,asdf,Nombre de tu mejor amigo/amiga,0
